Algorithm name,Solution,Iterations,Time
CSP Backtracking,"[1, 3, 0, 2]",26,0.0009968280792236328
CSP Backtracking,"[1, 3, 0, 2]",26,0.0
CSP Backtracking,"[1, 3, 0, 2]",26,0.0
CSP Backtracking,"[1, 3, 0, 2]",26,0.0
CSP Backtracking,"[1, 3, 0, 2]",26,0.0
CSP Backtracking,"[1, 3, 0, 2]",26,0.0
CSP Backtracking,"[1, 3, 0, 2]",26,0.000997304916381836
CSP Backtracking,"[1, 3, 0, 2]",26,0.0
CSP Backtracking,"[1, 3, 0, 2]",26,0.0
CSP Backtracking,"[1, 3, 0, 2]",26,0.0
CSP Backtracking,"[1, 3, 0, 2]",26,0.0
CSP Backtracking,"[1, 3, 0, 2]",26,0.0
CSP Backtracking,"[1, 3, 0, 2]",26,0.0
CSP Backtracking,"[1, 3, 0, 2]",26,0.0009992122650146484
CSP Backtracking,"[1, 3, 0, 2]",26,0.0
CSP Backtracking,"[1, 3, 0, 2]",26,0.0
CSP Backtracking,"[1, 3, 0, 2]",26,0.0
CSP Backtracking,"[1, 3, 0, 2]",26,0.0
CSP Backtracking,"[1, 3, 0, 2]",26,0.0
CSP Backtracking,"[1, 3, 0, 2]",26,0.0
CSP Backtracking,"[1, 3, 0, 2]",26,0.0
CSP Backtracking,"[1, 3, 0, 2]",26,0.0
CSP Backtracking,"[1, 3, 0, 2]",26,0.0
CSP Backtracking,"[1, 3, 0, 2]",26,0.0
CSP Backtracking,"[1, 3, 0, 2]",26,0.0
CSP Backtracking,"[1, 3, 0, 2]",26,0.0
CSP Backtracking,"[1, 3, 0, 2]",26,0.0
CSP Backtracking,"[1, 3, 0, 2]",26,0.0
CSP Backtracking,"[1, 3, 0, 2]",26,0.0
CSP Backtracking,"[1, 3, 0, 2]",26,0.0
CSP Backtracking,"[0, 4, 7, 5, 2, 6, 1, 3]",876,0.0020051002502441406
CSP Backtracking,"[0, 4, 7, 5, 2, 6, 1, 3]",876,0.0019969940185546875
CSP Backtracking,"[0, 4, 7, 5, 2, 6, 1, 3]",876,0.0029964447021484375
CSP Backtracking,"[0, 4, 7, 5, 2, 6, 1, 3]",876,0.001992464065551758
CSP Backtracking,"[0, 4, 7, 5, 2, 6, 1, 3]",876,0.001994609832763672
CSP Backtracking,"[0, 4, 7, 5, 2, 6, 1, 3]",876,0.0019943714141845703
CSP Backtracking,"[0, 4, 7, 5, 2, 6, 1, 3]",876,0.0019941329956054688
CSP Backtracking,"[0, 4, 7, 5, 2, 6, 1, 3]",876,0.0019943714141845703
CSP Backtracking,"[0, 4, 7, 5, 2, 6, 1, 3]",876,0.0019943714141845703
CSP Backtracking,"[0, 4, 7, 5, 2, 6, 1, 3]",876,0.001994609832763672
CSP Backtracking,"[0, 4, 7, 5, 2, 6, 1, 3]",876,0.0019943714141845703
CSP Backtracking,"[0, 4, 7, 5, 2, 6, 1, 3]",876,0.0019948482513427734
CSP Backtracking,"[0, 4, 7, 5, 2, 6, 1, 3]",876,0.0019948482513427734
CSP Backtracking,"[0, 4, 7, 5, 2, 6, 1, 3]",876,0.002991914749145508
CSP Backtracking,"[0, 4, 7, 5, 2, 6, 1, 3]",876,0.0019948482513427734
CSP Backtracking,"[0, 4, 7, 5, 2, 6, 1, 3]",876,0.0019948482513427734
CSP Backtracking,"[0, 4, 7, 5, 2, 6, 1, 3]",876,0.0019948482513427734
CSP Backtracking,"[0, 4, 7, 5, 2, 6, 1, 3]",876,0.001995086669921875
CSP Backtracking,"[0, 4, 7, 5, 2, 6, 1, 3]",876,0.001993894577026367
CSP Backtracking,"[0, 4, 7, 5, 2, 6, 1, 3]",876,0.001994609832763672
CSP Backtracking,"[0, 4, 7, 5, 2, 6, 1, 3]",876,0.0019941329956054688
CSP Backtracking,"[0, 4, 7, 5, 2, 6, 1, 3]",876,0.0019941329956054688
CSP Backtracking,"[0, 4, 7, 5, 2, 6, 1, 3]",876,0.002992868423461914
CSP Backtracking,"[0, 4, 7, 5, 2, 6, 1, 3]",876,0.0019943714141845703
CSP Backtracking,"[0, 4, 7, 5, 2, 6, 1, 3]",876,0.0019943714141845703
CSP Backtracking,"[0, 4, 7, 5, 2, 6, 1, 3]",876,0.0029921531677246094
CSP Backtracking,"[0, 4, 7, 5, 2, 6, 1, 3]",876,0.0019943714141845703
CSP Backtracking,"[0, 4, 7, 5, 2, 6, 1, 3]",876,0.0019941329956054688
CSP Backtracking,"[0, 4, 7, 5, 2, 6, 1, 3]",876,0.0029926300048828125
CSP Backtracking,"[0, 4, 7, 5, 2, 6, 1, 3]",876,0.0029921531677246094
CSP Backtracking,"[0, 2, 5, 7, 9, 4, 8, 1, 3, 6]",975,0.0030167102813720703
CSP Backtracking,"[0, 2, 5, 7, 9, 4, 8, 1, 3, 6]",975,0.0029921531677246094
CSP Backtracking,"[0, 2, 5, 7, 9, 4, 8, 1, 3, 6]",975,0.001995563507080078
CSP Backtracking,"[0, 2, 5, 7, 9, 4, 8, 1, 3, 6]",975,0.002992391586303711
CSP Backtracking,"[0, 2, 5, 7, 9, 4, 8, 1, 3, 6]",975,0.002994537353515625
CSP Backtracking,"[0, 2, 5, 7, 9, 4, 8, 1, 3, 6]",975,0.001994609832763672
CSP Backtracking,"[0, 2, 5, 7, 9, 4, 8, 1, 3, 6]",975,0.00296783447265625
CSP Backtracking,"[0, 2, 5, 7, 9, 4, 8, 1, 3, 6]",975,0.0020210742950439453
CSP Backtracking,"[0, 2, 5, 7, 9, 4, 8, 1, 3, 6]",975,0.0029947757720947266
CSP Backtracking,"[0, 2, 5, 7, 9, 4, 8, 1, 3, 6]",975,0.002989053726196289
CSP Backtracking,"[0, 2, 5, 7, 9, 4, 8, 1, 3, 6]",975,0.0019941329956054688
CSP Backtracking,"[0, 2, 5, 7, 9, 4, 8, 1, 3, 6]",975,0.0029916763305664062
CSP Backtracking,"[0, 2, 5, 7, 9, 4, 8, 1, 3, 6]",975,0.0029916763305664062
CSP Backtracking,"[0, 2, 5, 7, 9, 4, 8, 1, 3, 6]",975,0.003017902374267578
CSP Backtracking,"[0, 2, 5, 7, 9, 4, 8, 1, 3, 6]",975,0.002004861831665039
CSP Backtracking,"[0, 2, 5, 7, 9, 4, 8, 1, 3, 6]",975,0.002988100051879883
CSP Backtracking,"[0, 2, 5, 7, 9, 4, 8, 1, 3, 6]",975,0.003026247024536133
CSP Backtracking,"[0, 2, 5, 7, 9, 4, 8, 1, 3, 6]",975,0.001995086669921875
CSP Backtracking,"[0, 2, 5, 7, 9, 4, 8, 1, 3, 6]",975,0.002991199493408203
CSP Backtracking,"[0, 2, 5, 7, 9, 4, 8, 1, 3, 6]",975,0.0029935836791992188
CSP Backtracking,"[0, 2, 5, 7, 9, 4, 8, 1, 3, 6]",975,0.0030150413513183594
CSP Backtracking,"[0, 2, 5, 7, 9, 4, 8, 1, 3, 6]",975,0.0029921531677246094
CSP Backtracking,"[0, 2, 5, 7, 9, 4, 8, 1, 3, 6]",975,0.0019927024841308594
CSP Backtracking,"[0, 2, 5, 7, 9, 4, 8, 1, 3, 6]",975,0.0029685497283935547
CSP Backtracking,"[0, 2, 5, 7, 9, 4, 8, 1, 3, 6]",975,0.0020203590393066406
CSP Backtracking,"[0, 2, 5, 7, 9, 4, 8, 1, 3, 6]",975,0.0029900074005126953
CSP Backtracking,"[0, 2, 5, 7, 9, 4, 8, 1, 3, 6]",975,0.0029897689819335938
CSP Backtracking,"[0, 2, 5, 7, 9, 4, 8, 1, 3, 6]",975,0.0029921531677246094
CSP Backtracking,"[0, 2, 5, 7, 9, 4, 8, 1, 3, 6]",975,0.0029916763305664062
CSP Backtracking,"[0, 2, 5, 7, 9, 4, 8, 1, 3, 6]",975,0.0029897689819335938
CSP Backtracking,"[0, 2, 4, 7, 9, 11, 5, 10, 1, 6, 8, 3]",3066,0.010943889617919922
CSP Backtracking,"[0, 2, 4, 7, 9, 11, 5, 10, 1, 6, 8, 3]",3066,0.009997367858886719
CSP Backtracking,"[0, 2, 4, 7, 9, 11, 5, 10, 1, 6, 8, 3]",3066,0.00895071029663086
CSP Backtracking,"[0, 2, 4, 7, 9, 11, 5, 10, 1, 6, 8, 3]",3066,0.009998798370361328
CSP Backtracking,"[0, 2, 4, 7, 9, 11, 5, 10, 1, 6, 8, 3]",3066,0.009948968887329102
CSP Backtracking,"[0, 2, 4, 7, 9, 11, 5, 10, 1, 6, 8, 3]",3066,0.010006189346313477
CSP Backtracking,"[0, 2, 4, 7, 9, 11, 5, 10, 1, 6, 8, 3]",3066,0.009973526000976562
CSP Backtracking,"[0, 2, 4, 7, 9, 11, 5, 10, 1, 6, 8, 3]",3066,0.008974075317382812
CSP Backtracking,"[0, 2, 4, 7, 9, 11, 5, 10, 1, 6, 8, 3]",3066,0.008976459503173828
CSP Backtracking,"[0, 2, 4, 7, 9, 11, 5, 10, 1, 6, 8, 3]",3066,0.009974479675292969
CSP Backtracking,"[0, 2, 4, 7, 9, 11, 5, 10, 1, 6, 8, 3]",3066,0.00897526741027832
CSP Backtracking,"[0, 2, 4, 7, 9, 11, 5, 10, 1, 6, 8, 3]",3066,0.008976936340332031
CSP Backtracking,"[0, 2, 4, 7, 9, 11, 5, 10, 1, 6, 8, 3]",3066,0.009973287582397461
CSP Backtracking,"[0, 2, 4, 7, 9, 11, 5, 10, 1, 6, 8, 3]",3066,0.00899958610534668
CSP Backtracking,"[0, 2, 4, 7, 9, 11, 5, 10, 1, 6, 8, 3]",3066,0.008973121643066406
CSP Backtracking,"[0, 2, 4, 7, 9, 11, 5, 10, 1, 6, 8, 3]",3066,0.009001731872558594
CSP Backtracking,"[0, 2, 4, 7, 9, 11, 5, 10, 1, 6, 8, 3]",3066,0.00897526741027832
CSP Backtracking,"[0, 2, 4, 7, 9, 11, 5, 10, 1, 6, 8, 3]",3066,0.008975982666015625
CSP Backtracking,"[0, 2, 4, 7, 9, 11, 5, 10, 1, 6, 8, 3]",3066,0.009975194931030273
CSP Backtracking,"[0, 2, 4, 7, 9, 11, 5, 10, 1, 6, 8, 3]",3066,0.009973287582397461
CSP Backtracking,"[0, 2, 4, 7, 9, 11, 5, 10, 1, 6, 8, 3]",3066,0.008951425552368164
CSP Backtracking,"[0, 2, 4, 7, 9, 11, 5, 10, 1, 6, 8, 3]",3066,0.008975505828857422
CSP Backtracking,"[0, 2, 4, 7, 9, 11, 5, 10, 1, 6, 8, 3]",3066,0.009974002838134766
CSP Backtracking,"[0, 2, 4, 7, 9, 11, 5, 10, 1, 6, 8, 3]",3066,0.008981943130493164
CSP Backtracking,"[0, 2, 4, 7, 9, 11, 5, 10, 1, 6, 8, 3]",3066,0.008975982666015625
CSP Backtracking,"[0, 2, 4, 7, 9, 11, 5, 10, 1, 6, 8, 3]",3066,0.010970592498779297
CSP Backtracking,"[0, 2, 4, 7, 9, 11, 5, 10, 1, 6, 8, 3]",3066,0.009973287582397461
CSP Backtracking,"[0, 2, 4, 7, 9, 11, 5, 10, 1, 6, 8, 3]",3066,0.009973526000976562
CSP Backtracking,"[0, 2, 4, 7, 9, 11, 5, 10, 1, 6, 8, 3]",3066,0.009972810745239258
CSP Backtracking,"[0, 2, 4, 7, 9, 11, 5, 10, 1, 6, 8, 3]",3066,0.010969877243041992
CSP Backtracking,"[0, 2, 4, 1, 9, 11, 13, 3, 12, 8, 5, 14, 6, 10, 7]",20280,0.07380151748657227
CSP Backtracking,"[0, 2, 4, 1, 9, 11, 13, 3, 12, 8, 5, 14, 6, 10, 7]",20280,0.07181954383850098
CSP Backtracking,"[0, 2, 4, 1, 9, 11, 13, 3, 12, 8, 5, 14, 6, 10, 7]",20280,0.07377958297729492
CSP Backtracking,"[0, 2, 4, 1, 9, 11, 13, 3, 12, 8, 5, 14, 6, 10, 7]",20280,0.07184171676635742
CSP Backtracking,"[0, 2, 4, 1, 9, 11, 13, 3, 12, 8, 5, 14, 6, 10, 7]",20280,0.07079434394836426
CSP Backtracking,"[0, 2, 4, 1, 9, 11, 13, 3, 12, 8, 5, 14, 6, 10, 7]",20280,0.07779264450073242
CSP Backtracking,"[0, 2, 4, 1, 9, 11, 13, 3, 12, 8, 5, 14, 6, 10, 7]",20280,0.07483220100402832
CSP Backtracking,"[0, 2, 4, 1, 9, 11, 13, 3, 12, 8, 5, 14, 6, 10, 7]",20280,0.07676959037780762
CSP Backtracking,"[0, 2, 4, 1, 9, 11, 13, 3, 12, 8, 5, 14, 6, 10, 7]",20280,0.0718076229095459
CSP Backtracking,"[0, 2, 4, 1, 9, 11, 13, 3, 12, 8, 5, 14, 6, 10, 7]",20280,0.07383489608764648
CSP Backtracking,"[0, 2, 4, 1, 9, 11, 13, 3, 12, 8, 5, 14, 6, 10, 7]",20280,0.0707862377166748
CSP Backtracking,"[0, 2, 4, 1, 9, 11, 13, 3, 12, 8, 5, 14, 6, 10, 7]",20280,0.07280492782592773
CSP Backtracking,"[0, 2, 4, 1, 9, 11, 13, 3, 12, 8, 5, 14, 6, 10, 7]",20280,0.07582426071166992
CSP Backtracking,"[0, 2, 4, 1, 9, 11, 13, 3, 12, 8, 5, 14, 6, 10, 7]",20280,0.07280707359313965
CSP Backtracking,"[0, 2, 4, 1, 9, 11, 13, 3, 12, 8, 5, 14, 6, 10, 7]",20280,0.07181644439697266
CSP Backtracking,"[0, 2, 4, 1, 9, 11, 13, 3, 12, 8, 5, 14, 6, 10, 7]",20280,0.07483243942260742
CSP Backtracking,"[0, 2, 4, 1, 9, 11, 13, 3, 12, 8, 5, 14, 6, 10, 7]",20280,0.07579898834228516
CSP Backtracking,"[0, 2, 4, 1, 9, 11, 13, 3, 12, 8, 5, 14, 6, 10, 7]",20280,0.07280302047729492
CSP Backtracking,"[0, 2, 4, 1, 9, 11, 13, 3, 12, 8, 5, 14, 6, 10, 7]",20280,0.07380247116088867
CSP Backtracking,"[0, 2, 4, 1, 9, 11, 13, 3, 12, 8, 5, 14, 6, 10, 7]",20280,0.07278180122375488
CSP Backtracking,"[0, 2, 4, 1, 9, 11, 13, 3, 12, 8, 5, 14, 6, 10, 7]",20280,0.07082009315490723
CSP Backtracking,"[0, 2, 4, 1, 9, 11, 13, 3, 12, 8, 5, 14, 6, 10, 7]",20280,0.07577061653137207
CSP Backtracking,"[0, 2, 4, 1, 9, 11, 13, 3, 12, 8, 5, 14, 6, 10, 7]",20280,0.07380104064941406
CSP Backtracking,"[0, 2, 4, 1, 9, 11, 13, 3, 12, 8, 5, 14, 6, 10, 7]",20280,0.07183384895324707
CSP Backtracking,"[0, 2, 4, 1, 9, 11, 13, 3, 12, 8, 5, 14, 6, 10, 7]",20280,0.07480001449584961
CSP Backtracking,"[0, 2, 4, 1, 9, 11, 13, 3, 12, 8, 5, 14, 6, 10, 7]",20280,0.07178330421447754
CSP Backtracking,"[0, 2, 4, 1, 9, 11, 13, 3, 12, 8, 5, 14, 6, 10, 7]",20280,0.07084226608276367
CSP Backtracking,"[0, 2, 4, 1, 9, 11, 13, 3, 12, 8, 5, 14, 6, 10, 7]",20280,0.07181310653686523
CSP Backtracking,"[0, 2, 4, 1, 9, 11, 13, 3, 12, 8, 5, 14, 6, 10, 7]",20280,0.07679486274719238
CSP Backtracking,"[0, 2, 4, 1, 9, 11, 13, 3, 12, 8, 5, 14, 6, 10, 7]",20280,0.07081079483032227
CSP Forward Checking,"[1, 3, 0, 2]",9,0.0
CSP Forward Checking,"[1, 3, 0, 2]",9,0.0
CSP Forward Checking,"[1, 3, 0, 2]",9,0.0
CSP Forward Checking,"[1, 3, 0, 2]",9,0.0
CSP Forward Checking,"[1, 3, 0, 2]",9,0.0
CSP Forward Checking,"[1, 3, 0, 2]",9,0.0
CSP Forward Checking,"[1, 3, 0, 2]",9,0.0
CSP Forward Checking,"[1, 3, 0, 2]",9,0.0
CSP Forward Checking,"[1, 3, 0, 2]",9,0.0
CSP Forward Checking,"[1, 3, 0, 2]",9,0.0
CSP Forward Checking,"[1, 3, 0, 2]",9,0.0
CSP Forward Checking,"[1, 3, 0, 2]",9,0.0
CSP Forward Checking,"[1, 3, 0, 2]",9,0.0
CSP Forward Checking,"[1, 3, 0, 2]",9,0.0
CSP Forward Checking,"[1, 3, 0, 2]",9,0.0
CSP Forward Checking,"[1, 3, 0, 2]",9,0.0
CSP Forward Checking,"[1, 3, 0, 2]",9,0.0
CSP Forward Checking,"[1, 3, 0, 2]",9,0.0
CSP Forward Checking,"[1, 3, 0, 2]",9,0.0
CSP Forward Checking,"[1, 3, 0, 2]",9,0.0
CSP Forward Checking,"[1, 3, 0, 2]",9,0.0
CSP Forward Checking,"[1, 3, 0, 2]",9,0.0
CSP Forward Checking,"[1, 3, 0, 2]",9,0.0
CSP Forward Checking,"[1, 3, 0, 2]",9,0.0
CSP Forward Checking,"[1, 3, 0, 2]",9,0.0
CSP Forward Checking,"[1, 3, 0, 2]",9,0.0
CSP Forward Checking,"[1, 3, 0, 2]",9,0.0009870529174804688
CSP Forward Checking,"[1, 3, 0, 2]",9,0.0
CSP Forward Checking,"[1, 3, 0, 2]",9,0.0
CSP Forward Checking,"[1, 3, 0, 2]",9,0.0
CSP Forward Checking,"[0, 4, 7, 5, 2, 6, 1, 3]",113,0.0019943714141845703
CSP Forward Checking,"[0, 4, 7, 5, 2, 6, 1, 3]",113,0.0009951591491699219
CSP Forward Checking,"[0, 4, 7, 5, 2, 6, 1, 3]",113,0.0009953975677490234
CSP Forward Checking,"[0, 4, 7, 5, 2, 6, 1, 3]",113,0.001995086669921875
CSP Forward Checking,"[0, 4, 7, 5, 2, 6, 1, 3]",113,0.001970052719116211
CSP Forward Checking,"[0, 4, 7, 5, 2, 6, 1, 3]",113,0.0009975433349609375
CSP Forward Checking,"[0, 4, 7, 5, 2, 6, 1, 3]",113,0.000997781753540039
CSP Forward Checking,"[0, 4, 7, 5, 2, 6, 1, 3]",113,0.0019948482513427734
CSP Forward Checking,"[0, 4, 7, 5, 2, 6, 1, 3]",113,0.001995086669921875
CSP Forward Checking,"[0, 4, 7, 5, 2, 6, 1, 3]",113,0.000997304916381836
CSP Forward Checking,"[0, 4, 7, 5, 2, 6, 1, 3]",113,0.0019948482513427734
CSP Forward Checking,"[0, 4, 7, 5, 2, 6, 1, 3]",113,0.0019943714141845703
CSP Forward Checking,"[0, 4, 7, 5, 2, 6, 1, 3]",113,0.000997304916381836
CSP Forward Checking,"[0, 4, 7, 5, 2, 6, 1, 3]",113,0.000997304916381836
CSP Forward Checking,"[0, 4, 7, 5, 2, 6, 1, 3]",113,0.001994609832763672
CSP Forward Checking,"[0, 4, 7, 5, 2, 6, 1, 3]",113,0.0009970664978027344
CSP Forward Checking,"[0, 4, 7, 5, 2, 6, 1, 3]",113,0.0019943714141845703
CSP Forward Checking,"[0, 4, 7, 5, 2, 6, 1, 3]",113,0.0019953250885009766
CSP Forward Checking,"[0, 4, 7, 5, 2, 6, 1, 3]",113,0.000997304916381836
CSP Forward Checking,"[0, 4, 7, 5, 2, 6, 1, 3]",113,0.0019953250885009766
CSP Forward Checking,"[0, 4, 7, 5, 2, 6, 1, 3]",113,0.0019953250885009766
CSP Forward Checking,"[0, 4, 7, 5, 2, 6, 1, 3]",113,0.0009970664978027344
CSP Forward Checking,"[0, 4, 7, 5, 2, 6, 1, 3]",113,0.0009968280792236328
CSP Forward Checking,"[0, 4, 7, 5, 2, 6, 1, 3]",113,0.0019948482513427734
CSP Forward Checking,"[0, 4, 7, 5, 2, 6, 1, 3]",113,0.0019948482513427734
CSP Forward Checking,"[0, 4, 7, 5, 2, 6, 1, 3]",113,0.0019953250885009766
CSP Forward Checking,"[0, 4, 7, 5, 2, 6, 1, 3]",113,0.001994609832763672
CSP Forward Checking,"[0, 4, 7, 5, 2, 6, 1, 3]",113,0.000997304916381836
CSP Forward Checking,"[0, 4, 7, 5, 2, 6, 1, 3]",113,0.0009965896606445312
CSP Forward Checking,"[0, 4, 7, 5, 2, 6, 1, 3]",113,0.0019948482513427734
CSP Forward Checking,"[0, 2, 5, 7, 9, 4, 8, 1, 3, 6]",102,0.0009975433349609375
CSP Forward Checking,"[0, 2, 5, 7, 9, 4, 8, 1, 3, 6]",102,0.001993417739868164
CSP Forward Checking,"[0, 2, 5, 7, 9, 4, 8, 1, 3, 6]",102,0.0019943714141845703
CSP Forward Checking,"[0, 2, 5, 7, 9, 4, 8, 1, 3, 6]",102,0.0009965896606445312
CSP Forward Checking,"[0, 2, 5, 7, 9, 4, 8, 1, 3, 6]",102,0.001992464065551758
CSP Forward Checking,"[0, 2, 5, 7, 9, 4, 8, 1, 3, 6]",102,0.0019943714141845703
CSP Forward Checking,"[0, 2, 5, 7, 9, 4, 8, 1, 3, 6]",102,0.0019948482513427734
CSP Forward Checking,"[0, 2, 5, 7, 9, 4, 8, 1, 3, 6]",102,0.0019922256469726562
CSP Forward Checking,"[0, 2, 5, 7, 9, 4, 8, 1, 3, 6]",102,0.0009975433349609375
CSP Forward Checking,"[0, 2, 5, 7, 9, 4, 8, 1, 3, 6]",102,0.0019707679748535156
CSP Forward Checking,"[0, 2, 5, 7, 9, 4, 8, 1, 3, 6]",102,0.0019948482513427734
CSP Forward Checking,"[0, 2, 5, 7, 9, 4, 8, 1, 3, 6]",102,0.000997781753540039
CSP Forward Checking,"[0, 2, 5, 7, 9, 4, 8, 1, 3, 6]",102,0.001994609832763672
CSP Forward Checking,"[0, 2, 5, 7, 9, 4, 8, 1, 3, 6]",102,0.0009725093841552734
CSP Forward Checking,"[0, 2, 5, 7, 9, 4, 8, 1, 3, 6]",102,0.0019876956939697266
CSP Forward Checking,"[0, 2, 5, 7, 9, 4, 8, 1, 3, 6]",102,0.0009744167327880859
CSP Forward Checking,"[0, 2, 5, 7, 9, 4, 8, 1, 3, 6]",102,0.001983165740966797
CSP Forward Checking,"[0, 2, 5, 7, 9, 4, 8, 1, 3, 6]",102,0.0019948482513427734
CSP Forward Checking,"[0, 2, 5, 7, 9, 4, 8, 1, 3, 6]",102,0.0009980201721191406
CSP Forward Checking,"[0, 2, 5, 7, 9, 4, 8, 1, 3, 6]",102,0.001969575881958008
CSP Forward Checking,"[0, 2, 5, 7, 9, 4, 8, 1, 3, 6]",102,0.0009980201721191406
CSP Forward Checking,"[0, 2, 5, 7, 9, 4, 8, 1, 3, 6]",102,0.001996278762817383
CSP Forward Checking,"[0, 2, 5, 7, 9, 4, 8, 1, 3, 6]",102,0.0019943714141845703
CSP Forward Checking,"[0, 2, 5, 7, 9, 4, 8, 1, 3, 6]",102,0.0019943714141845703
CSP Forward Checking,"[0, 2, 5, 7, 9, 4, 8, 1, 3, 6]",102,0.001995563507080078
CSP Forward Checking,"[0, 2, 5, 7, 9, 4, 8, 1, 3, 6]",102,0.0009984970092773438
CSP Forward Checking,"[0, 2, 5, 7, 9, 4, 8, 1, 3, 6]",102,0.0019953250885009766
CSP Forward Checking,"[0, 2, 5, 7, 9, 4, 8, 1, 3, 6]",102,0.0019943714141845703
CSP Forward Checking,"[0, 2, 5, 7, 9, 4, 8, 1, 3, 6]",102,0.0019969940185546875
CSP Forward Checking,"[0, 2, 5, 7, 9, 4, 8, 1, 3, 6]",102,0.0019969940185546875
CSP Forward Checking,"[0, 2, 4, 7, 9, 11, 5, 10, 1, 6, 8, 3]",254,0.003989696502685547
CSP Forward Checking,"[0, 2, 4, 7, 9, 11, 5, 10, 1, 6, 8, 3]",254,0.003988981246948242
CSP Forward Checking,"[0, 2, 4, 7, 9, 11, 5, 10, 1, 6, 8, 3]",254,0.003989696502685547
CSP Forward Checking,"[0, 2, 4, 7, 9, 11, 5, 10, 1, 6, 8, 3]",254,0.004985332489013672
CSP Forward Checking,"[0, 2, 4, 7, 9, 11, 5, 10, 1, 6, 8, 3]",254,0.003989458084106445
CSP Forward Checking,"[0, 2, 4, 7, 9, 11, 5, 10, 1, 6, 8, 3]",254,0.004978656768798828
CSP Forward Checking,"[0, 2, 4, 7, 9, 11, 5, 10, 1, 6, 8, 3]",254,0.004987955093383789
CSP Forward Checking,"[0, 2, 4, 7, 9, 11, 5, 10, 1, 6, 8, 3]",254,0.00498652458190918
CSP Forward Checking,"[0, 2, 4, 7, 9, 11, 5, 10, 1, 6, 8, 3]",254,0.00498652458190918
CSP Forward Checking,"[0, 2, 4, 7, 9, 11, 5, 10, 1, 6, 8, 3]",254,0.003988742828369141
CSP Forward Checking,"[0, 2, 4, 7, 9, 11, 5, 10, 1, 6, 8, 3]",254,0.003989458084106445
CSP Forward Checking,"[0, 2, 4, 7, 9, 11, 5, 10, 1, 6, 8, 3]",254,0.003987312316894531
CSP Forward Checking,"[0, 2, 4, 7, 9, 11, 5, 10, 1, 6, 8, 3]",254,0.003965854644775391
CSP Forward Checking,"[0, 2, 4, 7, 9, 11, 5, 10, 1, 6, 8, 3]",254,0.0049896240234375
CSP Forward Checking,"[0, 2, 4, 7, 9, 11, 5, 10, 1, 6, 8, 3]",254,0.003964662551879883
CSP Forward Checking,"[0, 2, 4, 7, 9, 11, 5, 10, 1, 6, 8, 3]",254,0.003990650177001953
CSP Forward Checking,"[0, 2, 4, 7, 9, 11, 5, 10, 1, 6, 8, 3]",254,0.003988504409790039
CSP Forward Checking,"[0, 2, 4, 7, 9, 11, 5, 10, 1, 6, 8, 3]",254,0.0039899349212646484
CSP Forward Checking,"[0, 2, 4, 7, 9, 11, 5, 10, 1, 6, 8, 3]",254,0.003986835479736328
CSP Forward Checking,"[0, 2, 4, 7, 9, 11, 5, 10, 1, 6, 8, 3]",254,0.003989458084106445
CSP Forward Checking,"[0, 2, 4, 7, 9, 11, 5, 10, 1, 6, 8, 3]",254,0.003989219665527344
CSP Forward Checking,"[0, 2, 4, 7, 9, 11, 5, 10, 1, 6, 8, 3]",254,0.003989696502685547
CSP Forward Checking,"[0, 2, 4, 7, 9, 11, 5, 10, 1, 6, 8, 3]",254,0.005010366439819336
CSP Forward Checking,"[0, 2, 4, 7, 9, 11, 5, 10, 1, 6, 8, 3]",254,0.004956960678100586
CSP Forward Checking,"[0, 2, 4, 7, 9, 11, 5, 10, 1, 6, 8, 3]",254,0.00498652458190918
CSP Forward Checking,"[0, 2, 4, 7, 9, 11, 5, 10, 1, 6, 8, 3]",254,0.003989458084106445
CSP Forward Checking,"[0, 2, 4, 7, 9, 11, 5, 10, 1, 6, 8, 3]",254,0.003989458084106445
CSP Forward Checking,"[0, 2, 4, 7, 9, 11, 5, 10, 1, 6, 8, 3]",254,0.003989219665527344
CSP Forward Checking,"[0, 2, 4, 7, 9, 11, 5, 10, 1, 6, 8, 3]",254,0.004987478256225586
CSP Forward Checking,"[0, 2, 4, 7, 9, 11, 5, 10, 1, 6, 8, 3]",254,0.005012035369873047
CSP Forward Checking,"[0, 2, 4, 1, 9, 11, 13, 3, 12, 8, 5, 14, 6, 10, 7]",1373,0.029920101165771484
CSP Forward Checking,"[0, 2, 4, 1, 9, 11, 13, 3, 12, 8, 5, 14, 6, 10, 7]",1373,0.030905485153198242
CSP Forward Checking,"[0, 2, 4, 1, 9, 11, 13, 3, 12, 8, 5, 14, 6, 10, 7]",1373,0.027924299240112305
CSP Forward Checking,"[0, 2, 4, 1, 9, 11, 13, 3, 12, 8, 5, 14, 6, 10, 7]",1373,0.026918649673461914
CSP Forward Checking,"[0, 2, 4, 1, 9, 11, 13, 3, 12, 8, 5, 14, 6, 10, 7]",1373,0.027917146682739258
CSP Forward Checking,"[0, 2, 4, 1, 9, 11, 13, 3, 12, 8, 5, 14, 6, 10, 7]",1373,0.03490638732910156
CSP Forward Checking,"[0, 2, 4, 1, 9, 11, 13, 3, 12, 8, 5, 14, 6, 10, 7]",1373,0.02791762351989746
CSP Forward Checking,"[0, 2, 4, 1, 9, 11, 13, 3, 12, 8, 5, 14, 6, 10, 7]",1373,0.032912254333496094
CSP Forward Checking,"[0, 2, 4, 1, 9, 11, 13, 3, 12, 8, 5, 14, 6, 10, 7]",1373,0.027925729751586914
CSP Forward Checking,"[0, 2, 4, 1, 9, 11, 13, 3, 12, 8, 5, 14, 6, 10, 7]",1373,0.027918338775634766
CSP Forward Checking,"[0, 2, 4, 1, 9, 11, 13, 3, 12, 8, 5, 14, 6, 10, 7]",1373,0.02994394302368164
CSP Forward Checking,"[0, 2, 4, 1, 9, 11, 13, 3, 12, 8, 5, 14, 6, 10, 7]",1373,0.027901172637939453
CSP Forward Checking,"[0, 2, 4, 1, 9, 11, 13, 3, 12, 8, 5, 14, 6, 10, 7]",1373,0.02991771697998047
CSP Forward Checking,"[0, 2, 4, 1, 9, 11, 13, 3, 12, 8, 5, 14, 6, 10, 7]",1373,0.02692556381225586
CSP Forward Checking,"[0, 2, 4, 1, 9, 11, 13, 3, 12, 8, 5, 14, 6, 10, 7]",1373,0.028890132904052734
CSP Forward Checking,"[0, 2, 4, 1, 9, 11, 13, 3, 12, 8, 5, 14, 6, 10, 7]",1373,0.0289151668548584
CSP Forward Checking,"[0, 2, 4, 1, 9, 11, 13, 3, 12, 8, 5, 14, 6, 10, 7]",1373,0.029920101165771484
CSP Forward Checking,"[0, 2, 4, 1, 9, 11, 13, 3, 12, 8, 5, 14, 6, 10, 7]",1373,0.02892327308654785
CSP Forward Checking,"[0, 2, 4, 1, 9, 11, 13, 3, 12, 8, 5, 14, 6, 10, 7]",1373,0.02792501449584961
CSP Forward Checking,"[0, 2, 4, 1, 9, 11, 13, 3, 12, 8, 5, 14, 6, 10, 7]",1373,0.02695155143737793
CSP Forward Checking,"[0, 2, 4, 1, 9, 11, 13, 3, 12, 8, 5, 14, 6, 10, 7]",1373,0.029912710189819336
CSP Forward Checking,"[0, 2, 4, 1, 9, 11, 13, 3, 12, 8, 5, 14, 6, 10, 7]",1373,0.02795124053955078
CSP Forward Checking,"[0, 2, 4, 1, 9, 11, 13, 3, 12, 8, 5, 14, 6, 10, 7]",1373,0.026903867721557617
CSP Forward Checking,"[0, 2, 4, 1, 9, 11, 13, 3, 12, 8, 5, 14, 6, 10, 7]",1373,0.026902198791503906
CSP Forward Checking,"[0, 2, 4, 1, 9, 11, 13, 3, 12, 8, 5, 14, 6, 10, 7]",1373,0.030942678451538086
CSP Forward Checking,"[0, 2, 4, 1, 9, 11, 13, 3, 12, 8, 5, 14, 6, 10, 7]",1373,0.029919862747192383
CSP Forward Checking,"[0, 2, 4, 1, 9, 11, 13, 3, 12, 8, 5, 14, 6, 10, 7]",1373,0.02991509437561035
CSP Forward Checking,"[0, 2, 4, 1, 9, 11, 13, 3, 12, 8, 5, 14, 6, 10, 7]",1373,0.02789306640625
CSP Forward Checking,"[0, 2, 4, 1, 9, 11, 13, 3, 12, 8, 5, 14, 6, 10, 7]",1373,0.02991962432861328
CSP Forward Checking,"[0, 2, 4, 1, 9, 11, 13, 3, 12, 8, 5, 14, 6, 10, 7]",1373,0.026927947998046875
